{
  "AboutPage-1" : {
    "transaction" : "AboutPage-1",
    "sampleCount" : 26,
    "errorCount" : 12,
    "errorPct" : 46.153847,
    "meanResTime" : 6082.499999999999,
    "medianResTime" : 7459.0,
    "minResTime" : 474.0,
    "maxResTime" : 15210.0,
    "pct1ResTime" : 13469.9,
    "pct2ResTime" : 14780.549999999997,
    "pct3ResTime" : 15210.0,
    "throughput" : 0.716470555815812,
    "receivedKBytesPerSec" : 12.594397363870593,
    "sentKBytesPerSec" : 0.11264820262338449
  },
  "HomePage" : {
    "transaction" : "HomePage",
    "sampleCount" : 60,
    "errorCount" : 31,
    "errorPct" : 51.666668,
    "meanResTime" : 6054.999999999998,
    "medianResTime" : 2559.0,
    "minResTime" : 1037.0,
    "maxResTime" : 16399.0,
    "pct1ResTime" : 14123.8,
    "pct2ResTime" : 15577.999999999996,
    "pct3ResTime" : 16399.0,
    "throughput" : 3.102218085931441,
    "receivedKBytesPerSec" : 68.8170329546042,
    "sentKBytesPerSec" : 0.35445265239646345
  },
  "ArchivesPage" : {
    "transaction" : "ArchivesPage",
    "sampleCount" : 60,
    "errorCount" : 51,
    "errorPct" : 85.0,
    "meanResTime" : 6003.550000000001,
    "medianResTime" : 1362.5,
    "minResTime" : 517.0,
    "maxResTime" : 31989.0,
    "pct1ResTime" : 20800.399999999998,
    "pct2ResTime" : 24558.999999999993,
    "pct3ResTime" : 31989.0,
    "throughput" : 1.1098163253981466,
    "receivedKBytesPerSec" : 9.691149532721084,
    "sentKBytesPerSec" : 0.19071355409429738
  },
  "Total" : {
    "transaction" : "Total",
    "sampleCount" : 360,
    "errorCount" : 187,
    "errorPct" : 51.944443,
    "meanResTime" : 7771.516666666667,
    "medianResTime" : 5338.0,
    "minResTime" : 474.0,
    "maxResTime" : 39519.0,
    "pct1ResTime" : 19515.9,
    "pct2ResTime" : 23221.199999999997,
    "pct3ResTime" : 37065.31,
    "throughput" : 5.272871078302136,
    "receivedKBytesPerSec" : 69.53921995378914,
    "sentKBytesPerSec" : 0.8877801899332103
  },
  "2MinuteRulePage" : {
    "transaction" : "2MinuteRulePage",
    "sampleCount" : 60,
    "errorCount" : 41,
    "errorPct" : 68.333336,
    "meanResTime" : 8936.800000000003,
    "medianResTime" : 2128.5,
    "minResTime" : 1077.0,
    "maxResTime" : 39519.0,
    "pct1ResTime" : 23532.3,
    "pct2ResTime" : 37305.549999999996,
    "pct3ResTime" : 39519.0,
    "throughput" : 0.9913586570394727,
    "receivedKBytesPerSec" : 12.191162089205756,
    "sentKBytesPerSec" : 0.2046129415676685
  },
  "ArchivesPage-1" : {
    "transaction" : "ArchivesPage-1",
    "sampleCount" : 11,
    "errorCount" : 2,
    "errorPct" : 18.181818,
    "meanResTime" : 11501.545454545454,
    "medianResTime" : 12094.0,
    "minResTime" : 518.0,
    "maxResTime" : 19506.0,
    "pct1ResTime" : 19299.0,
    "pct2ResTime" : 19506.0,
    "pct3ResTime" : 19506.0,
    "throughput" : 0.2591955512618111,
    "receivedKBytesPerSec" : 11.207607352611983,
    "sentKBytesPerSec" : 0.04151178750677443
  },
  "AboutPage" : {
    "transaction" : "AboutPage",
    "sampleCount" : 60,
    "errorCount" : 46,
    "errorPct" : 76.666664,
    "meanResTime" : 7716.833333333333,
    "medianResTime" : 1781.5,
    "minResTime" : 508.0,
    "maxResTime" : 32139.0,
    "pct1ResTime" : 22074.1,
    "pct2ResTime" : 24291.849999999995,
    "pct3ResTime" : 32139.0,
    "throughput" : 1.412296393936541,
    "receivedKBytesPerSec" : 11.789111967152339,
    "sentKBytesPerSec" : 0.2898149891723943
  },
  "2MinuteRulePage-1" : {
    "transaction" : "2MinuteRulePage-1",
    "sampleCount" : 23,
    "errorCount" : 4,
    "errorPct" : 17.391304,
    "meanResTime" : 6809.608695652175,
    "medianResTime" : 5305.0,
    "minResTime" : 525.0,
    "maxResTime" : 14399.0,
    "pct1ResTime" : 13246.800000000001,
    "pct2ResTime" : 14227.599999999997,
    "pct3ResTime" : 14399.0,
    "throughput" : 0.4952520402230787,
    "receivedKBytesPerSec" : 14.86208223202558,
    "sentKBytesPerSec" : 0.0817359324196292
  },
  "2MinuteRulePage-0" : {
    "transaction" : "2MinuteRulePage-0",
    "sampleCount" : 23,
    "errorCount" : 0,
    "errorPct" : 0.0,
    "meanResTime" : 11734.434782608696,
    "medianResTime" : 9805.0,
    "minResTime" : 2634.0,
    "maxResTime" : 27067.0,
    "pct1ResTime" : 26761.4,
    "pct2ResTime" : 27013.399999999998,
    "pct3ResTime" : 27067.0,
    "throughput" : 0.443964019611628,
    "receivedKBytesPerSec" : 0.22499806972165387,
    "sentKBytesPerSec" : 0.06710733312743698
  },
  "AboutPage-0" : {
    "transaction" : "AboutPage-0",
    "sampleCount" : 26,
    "errorCount" : 0,
    "errorPct" : 0.0,
    "meanResTime" : 9944.384615384615,
    "medianResTime" : 9299.5,
    "minResTime" : 5981.0,
    "maxResTime" : 22944.0,
    "pct1ResTime" : 11518.9,
    "pct2ResTime" : 18948.399999999983,
    "pct3ResTime" : 22944.0,
    "throughput" : 0.7810387815795007,
    "receivedKBytesPerSec" : 0.42337558953408033,
    "sentKBytesPerSec" : 0.11757825407792363
  },
  "ArchivesPage-0" : {
    "transaction" : "ArchivesPage-0",
    "sampleCount" : 11,
    "errorCount" : 0,
    "errorPct" : 0.0,
    "meanResTime" : 9571.454545454546,
    "medianResTime" : 9096.0,
    "minResTime" : 6076.0,
    "maxResTime" : 13517.0,
    "pct1ResTime" : 13199.000000000002,
    "pct2ResTime" : 13517.0,
    "pct3ResTime" : 13517.0,
    "throughput" : 0.2743142144638404,
    "receivedKBytesPerSec" : 0.13630474594763092,
    "sentKBytesPerSec" : 0.04273983011221945
  }
}